source_line,source_status,source_section,source_title,source_fingerprint,disposition,import_action,canonical_source_line,stable_title_key,target_project_key,target_state,target_lane,existing_linear,risk,prerequisite,rationale
8,completed,Plugin Infrastructure (Mar 16),"Server plugin system (types, registry, hooks, migrations, routes)",e1957c3d97b9d6dc4fa2e04dca0a813977c8cec3e1bd66e43dee3f0a538bfb75,exclude_completed,none,,,,,,,none,,Source checkbox is completed
9,completed,Plugin Infrastructure (Mar 16),"Geordi Swarm plugin (manifest, CRUD routes, migration, kanban UI)",dc6d9fd9a7a76e0d587dceb2e936202267b297ddc601ff5b407104fd44999c38,exclude_completed,none,,,,,,,none,,Source checkbox is completed
10,completed,Plugin Infrastructure (Mar 16),SwarmBoard with New Job form + detail panel + lifecycle controls,5e04fb63080136d6063261bc91197b3518746aeb8668968147d409e58ed4c2fa,exclude_completed,none,,,,,,,none,,Source checkbox is completed
11,completed,Plugin Infrastructure (Mar 16),App plugin store (Zustand) + PluginAdminPanel + PluginSubViewSlot + PluginDetailSlot,c60fd3d4e3b76d2f75902890704b719327dac2bd92c87de9050a0c7615123fe8,exclude_completed,none,,,,,,,none,,Source checkbox is completed
12,completed,Plugin Infrastructure (Mar 16),"Strategic tab (MCStrategicView — roadmaps, recurring tasks, backlog)",ea8aac618ea72d2d9afa164517e1a471fe777ded47675a5eb1c3ea69a45089cf,exclude_completed,none,,,,,,,none,,Source checkbox is completed
13,completed,Plugin Infrastructure (Mar 16),Tab persistence + race condition fix,ab141ed86abde4801bb2cfa4c3fce17dacb43512ea9a007af857c9792721265a,exclude_completed,none,,,,,,,none,,Source checkbox is completed
14,completed,Plugin Infrastructure (Mar 16),"Self-healing cron for stuck swarm jobs (auto-fail after 60min, retry up to max_retries)",3def1a962d6bf3b774a84dc7b8acf4a2d96aabf4301d0649e73acab10c9d0648,exclude_completed,none,,,,,,,none,,Source checkbox is completed
15,completed,Plugin Infrastructure (Mar 16),"Full lifecycle routes on Mac server (dispatch, accept, reject, cancel, providers)",3bfd0507eca04a106476db9f6bb16230490c12a596f8f98974db03901015af6f,exclude_completed,none,,,,,,,none,,Source checkbox is completed
16,completed,Plugin Infrastructure (Mar 16),Admin panel settings save endpoint,918d91f0b2ae6597b06ec87661dae85c04c6deae72ee89068091ba121a669f4b,exclude_completed,none,,,,,,,none,,Source checkbox is completed
17,completed,Plugin Infrastructure (Mar 16),Entity Linker as second plugin (validate infrastructure generality),7c884d7078b230c9179b9ad080d4d42a719f769a9903c4cd4f4593d8c4094adf,exclude_completed,none,,,,,,,none,,Source checkbox is completed
18,completed,Plugin Infrastructure (Mar 16),Fix indexer gate condition bug (FS_MULTISOURCE_ENABLED should be FS_INDEXER_ENABLED),83ae84468a1647327529ff89a2b890264a17248b17b496b018f6c0b1ca8c04ef,exclude_completed,none,,,,,,,none,,Source checkbox is completed
21,completed,Active Bugs (Feb 18),"""undefined: Updated task..."" on task card footers",c2861b68094f897a6de892afe5550b97f5d005d44bf7c833877a76068753f275,exclude_completed,none,,,,,,,none,,Source checkbox is completed
22,completed,Active Bugs (Feb 18),"""Agent trigger failed: fetch failed"" human-readable mapping",0153968e25e58d6b308dbcdcd86ce77bbc8b041cacdc2d133776ce2105e24067,exclude_completed,none,,,,,,,none,,Source checkbox is completed
23,completed,Active Bugs (Feb 18),Working indicator (loading dot) too aggressive,902987617629a9c2c2ddd10417dd15c8f942c5bdc01065b85b23c6915e3f0da0,exclude_completed,none,,,,,,,none,,Source checkbox is completed
24,completed,Active Bugs (Feb 18),MC Cron jq filter,3ea699ad8d712d5a8a4cd8a52d7f249f7fabf31b6a9165bcaa036d4f713e9085,exclude_completed,none,,,,,,,none,,Source checkbox is completed
25,open,Active Bugs (Feb 18),gog OAuth expired for <redacted-account>,2394d00706ba541da89fc1df5dcddbed248ed4b133c98463757fffc3308d3247,exclude_manual_or_destructive,none,,,,,,,high,,"Requires manual credentials, production data, or destructive operator action"
28,open,Active (Phase 2 - Watch Mode),Agent Focus Tracking in Sidebar (story 5),f0bc026487a4822c2483a63029887f62744873da0233f6703bf5c5df444190a7,import_candidate,verify_then_create,28,todo-agent-focus-tracking-in-sidebar-story-5-033c333052aa,entity-engineering,backlog,app-ui,,low,Confirm source patch is absent from origin/main,Actionable Entity repository or delivery-infrastructure engineering work
29,completed,Active (Phase 2 - Watch Mode),Notification Center - Toasts (story 6),bd57e3b3da44dbc532ab14587e56988606f2749575bc8b2a8247aa17f51a304a,exclude_completed,none,,,,,,,none,,Source checkbox is completed
30,completed,Active (Phase 2 - Watch Mode),Notification Center - History Panel (story 7),8ef18ea9aecbbdb2e4248cdeb688a6fa2b2784a985334a898e4d09153d0a772b,exclude_completed,none,,,,,,,none,,Source checkbox is completed
31,open,Active (Phase 2 - Watch Mode),Split Pane View (story 8),fc4b776f0d915780cf2176fc7975aa470ce4e9cca512c7272ddf6952127dd6d0,import_candidate,verify_then_create,31,todo-split-pane-view-story-8-73a661272a65,entity-engineering,backlog,app-ui,,low,Confirm source patch is absent from origin/main,Actionable Entity repository or delivery-infrastructure engineering work
32,open,Active (Phase 2 - Watch Mode),Split Pane View (story 8),1cf4d2f76d8a050e94622bbb63f9a27ee4d0773671c912978e660e340100b1bc,merge_duplicate,none,31,,,,,,none,,Duplicate/status variant of source line 31
33,completed,Active (Phase 2 - Watch Mode),File Change History (story 9),fe77b0b9dcfd7084ed32cc49f4586e15376fe312fc412473fd37c01cf71a082b,exclude_completed,none,,,,,,,none,,Source checkbox is completed
34,open,Active (Phase 2 - Watch Mode),Auto-Follow Agent Files (story 4),0d4362c3413b5a620c0f56b721e46ade8a26e2dad1e5b0e0ceb236d3675108b1,import_candidate,verify_then_create,34,todo-auto-follow-agent-files-story-4-b63aadd8b14f,entity-engineering,backlog,app-ui,,low,Confirm source patch is absent from origin/main,Actionable Entity repository or delivery-infrastructure engineering work
35,completed,Active (Phase 2 - Watch Mode),Frontend app build/type environment blocker for watch-mode deploys,121a293032269af6f1a679426abfc34061cd1e2253c55907379f6efa2093e20a,exclude_completed,none,,,,,,,none,,Source checkbox is completed
36,completed,Active (Phase 2 - Watch Mode),Deploy script brittleness around source dir + optional release check,3c4629b112b9ac723111c6d3f2640a4ec13d3c7c6988e9945e8acea665476c38,exclude_completed,none,,,,,,,none,,Source checkbox is completed
39,open,"HIGH PRIORITY (NEW - Mar 30, 2026)",GitHub→Gateway deploy path with self-hosted runner or webhook deployer,0805e6a56418015117f55ec261b6b8e3746a1a7e05c93f2744aabec52f5f0186,import_candidate,verify_then_create,39,todo-github-gateway-deploy-path-with-self-hosted-runn-5596f4e947a0,entity-engineering,backlog,delivery-infrastructure,,high,No production promotion; verify current webhook/pipeline completion semantics,Actionable Entity repository or delivery-infrastructure engineering work
41,open,"HIGH PRIORITY (NEW - Mar 30, 2026)",GitHub→Gateway deploy path with self-hosted runner or webhook deployer,3992ad621a7f038e75cc1732a48e267f0205fc394d2f356accfcb66519ce5364,merge_duplicate,none,39,,,,,,none,,Duplicate/status variant of source line 39
42,open,"HIGH PRIORITY (NEW - Mar 30, 2026)",Module-linked automation registry,f98b7f882b9360efb1b51e536b7586cbf9d4bff2319ea2140a9349c9862c3b0b,defer_by_roadmap,none,,,,,future-discovery,,none,Entity/Helm boundary,"Reconsider only Entity-side read-only module metadata after WP2; skills, scripts, crons, and grants remain Helm-owned"
43,open,"HIGH PRIORITY (NEW - Mar 30, 2026)",Mission Control output link normalization + broken task-link fix,de531e853fc8c15dd5bd558af82a8722374e7da87ffd6ce6e8c0bf7f6c3ec154,exclude_stale_or_status,none,,,,,,,none,,Source notes show completed/superseded status or a non-actionable status card
74,completed,"HIGH PRIORITY (NEW - Mar 30, 2026)",Pipeline docs drift detector,d85a0091dec81a6884a194d1fdba3a7134b5ebd9ddfc77c9f760194d663869df,exclude_completed,none,,,,,,,none,,Source checkbox is completed
75,completed,"HIGH PRIORITY (NEW - Mar 30, 2026)",File-restore state polish in editor/task sidebar,095350620d8f5329b5c18835ca3ee7c41a18a2b63da84d2d120ddcf5c11b4967,exclude_completed,none,,,,,,,none,,Source checkbox is completed
76,completed,"HIGH PRIORITY (NEW - Mar 30, 2026)",Ops Console live deployment follow-up,dcb13305ba0f0d169bfd6e85a35e729162acb009298b244c73c25f72eb34aa8f,exclude_completed,none,,,,,,,none,,Source checkbox is completed
77,open,"HIGH PRIORITY (NEW - Mar 30, 2026)",Security Sandbox Integration,52070c1778670080e70dd133c59212a8c481f1ebea49af044148e6c19431212c,defer_by_roadmap,none,,,,,future-discovery,,none,Q47,Security/sandbox is cross-cutting after Workplanes/engine contract
78,open,"HIGH PRIORITY (NEW - Mar 30, 2026)",Advanced Multi-Model Sub-Agent Routing,0a5bbfc36d142ff8f4f83eb40f49eb3067bac9ca78b3eb43f628173ab1d5a9eb,link_existing_linear,none,,,,,provider-registry,THE-724+ Provider Registry graph,inherit,,Already represented in the approved Linear/source-packet graph
79,open,"HIGH PRIORITY (NEW - Mar 30, 2026)",Agent Performance Monitor Dashboard,2d8c94e52ffd307bb92f02bf87b84ff8151c86dbdd09da9f912bb7f6e7779c5d,defer_by_roadmap,none,,,,,future-discovery,,none,Q58,Performance dashboard waits for ActivityEvents and presence
80,open,"HIGH PRIORITY (NEW - Mar 30, 2026)",DigitalOcean 1-Click Deploy,4a599f9e75462ddefe630926cfc9d441a875c397b1e2c003edd111deb4528c4d,defer_by_roadmap,none,,,,,future-discovery,,none,locked roadmap,Deployment packaging is outside the current internal-loop spine
83,open,Active (Infrastructure),Cloud deployment - currently localhost only,690483046acc0c9f9873b54594f1b278af2f7058edf865e542e0ce6a2bdb5099,exclude_stale_or_status,none,,,,,,,none,,Source notes show completed/superseded status or a non-actionable status card
84,open,Active (Infrastructure),CI/CD pipeline - auto-build on push,662e8e81b226083d1e791db56a1a3c2cd6c82ae096bb5440fa08ca1f63faca1d,exclude_stale_or_status,none,,,,,,,none,,Source notes show completed/superseded status or a non-actionable status card
87,open,New Backlog Items (2026-04-28 Discovery),Adopt OpenClaw Skill Workshop plugin,49265c7c6ae41a955524ec20850dc5426b0b36d0fe4a4d3ec63448d25d2aaeb0,route_external_runtime_owner,none,,,,,helm-or-runtime,,inherit,,Deep runtime/provider/config ownership is outside Entity core
88,open,New Backlog Items (2026-04-28 Discovery),ClawHub package catalog integration,ab4ab5da09769eb11f7f18eda731e5866ba1018f52974c832120ccd65953cfae,defer_by_roadmap,none,,,,,future-discovery,,none,locked roadmap,Marketplace/catalog work is a later multiplier
89,open,New Backlog Items (2026-04-28 Discovery),Transient runtime context for heartbeats/crons,cf40650bd252abaeef2893b6c5cb639c97f5626ba11b35255488db34df870b01,route_external_runtime_owner,none,,,,,helm-or-runtime,,inherit,,Deep runtime/provider/config ownership is outside Entity core
90,open,New Backlog Items (2026-04-28 Discovery),"Production-ready server (not ts-node, 166 TS errors in dist)",e0e34f0d06c540eb547115337b838ca24955f5954c374f58ea85188128d16c03,import_candidate,verify_then_create,90,todo-production-ready-server-not-ts-node-166-ts-error-003591088191,entity-engineering,backlog,server-build,,medium,Reproduce against current origin/main; historical error count is not authority,Actionable Entity repository or delivery-infrastructure engineering work
91,open,New Backlog Items (2026-04-28 Discovery),Playwright reinstall for E2E on Enterprise,7bc8454cdf24ea9e60c9c3a894a1f2e21b7ab0e50cd3c586dbfc796006834fbf,exclude_external_or_noncoding,none,,,,,,,none,,"Separate product/repository, operator note, or documentation-only work"
92,open,New Backlog Items (2026-04-28 Discovery),Browser testing of Activity Stream grouping,846bf5c3f4e24b99266b698f742a0654007893b644f0064c5a336c69bc1c0564,import_candidate,create,92,todo-browser-testing-of-activity-stream-grouping-3e025d19cc70,entity-engineering,backlog,app-test,,low,Stable local browser fixture,Actionable Entity repository or delivery-infrastructure engineering work
95,open,MC v2 Features (Task #102 - Backlog),Output/Result fields on task cards,e089ff29e3284c99cd3d0bde4312909fef4db3c21b8f8157867c8fc01f2aa943,link_existing_linear,none,,,,,workplanes-proof,THE-863..THE-874,inherit,,Already represented in the approved Linear/source-packet graph
96,open,MC v2 Features (Task #102 - Backlog),Auto-Subtask Breakdown,a8e1c265a2843431632351c28f027943374106dea1051fd6dcbf823720260e32,import_candidate,create,96,todo-auto-subtask-breakdown-e1942e588c8f,entity-engineering,backlog,task-product,,medium,Workplanes slice 1 and task hierarchy contract,Actionable Entity repository or delivery-infrastructure engineering work
97,open,MC v2 Features (Task #102 - Backlog),Deliverable Links on Card,1a5b142200fe4c4bfc79985774c36fd2635099ac23ed1eef1368724ae674a41b,link_existing_linear,none,,,,,workplanes-proof,THE-863..THE-874,inherit,,Already represented in the approved Linear/source-packet graph
98,open,MC v2 Features (Task #102 - Backlog),In-Card Conversation,835a935564f165638da633ae30f2e0b583290e475df17630891a0868155ef97d,link_existing_linear,none,,,,,workplanes-channels,THE-873 and THE-917..THE-921,inherit,,Already represented in the approved Linear/source-packet graph
101,open,Universal Search (qmd Integration),SEARCH-001 through SEARCH-008,28ca5b92f2bf9d1631723aff875d879fbcaba45a5dfe579477e3bb02addb3376,link_existing_linear,none,,,,,scoped-search,THE-900..THE-905,inherit,,Already represented in the approved Linear/source-packet graph
105,open,"Backlog — Curacel-Sourced (Apr 4, 2026 Fireflies)",Claims dashboard Metabase integration,ea9fa4e6738b608bc28f28a8e6df8686a8657fbe386c2c8adf418de560ec6f71,defer_by_roadmap,none,,,,,future-discovery,,none,Q50,Curacel-sourced product wedge remains discovery
106,open,"Backlog — Curacel-Sourced (Apr 4, 2026 Fireflies)",Provider activation tracker widget,5e94a13c3125445e4d70e8f9b8ac899334e340e3d7f15b466eefdc63e424ace2,defer_by_roadmap,none,,,,,future-discovery,,none,Q50,Curacel-sourced product wedge remains discovery
109,open,"Backlog — OpenClaw Discovery Sweep (Apr 7, 2026)",ACP runtime readiness + cancelability hardening,898662fc2c842b33330803cefeb30da57d59e2a5c27ee9c879c8c1827f3a163b,link_existing_linear,none,,,,,execution-health,THE-896 plus Helm runtime boundary,inherit,,Already represented in the approved Linear/source-packet graph
110,open,"Backlog — OpenClaw Discovery Sweep (Apr 7, 2026)",Watch-mode unresolved lane ship order (Apr 26 operator card),7bef1bd6d1aa2345f9af1f4a42bcfc03b31595616c9214deaf5e7c2ec5d6178a,exclude_stale_or_status,none,,,,,,,none,,Source notes show completed/superseded status or a non-actionable status card
111,open,"Backlog — OpenClaw Discovery Sweep (Apr 7, 2026)",Persistent intra-gateway agent delegation bus,34a0fd2403ab89c30ccf71c4355f2e9bff205745668fc2fea7862cf8852fe539,link_existing_linear,none,,,,,agent-execution,THE-882..THE-899,inherit,,Already represented in the approved Linear/source-packet graph
112,open,"Backlog — OpenClaw Discovery Sweep (Apr 7, 2026)",Configurable channel health-monitor cadence + stale-socket controls,1662e20182a9bf3124779fc1f761758e8a6fb42357368ff93c04e105a18f43b1,route_external_runtime_owner,none,,,,,helm-or-runtime,,inherit,,Deep runtime/provider/config ownership is outside Entity core
113,open,"Backlog — OpenClaw Discovery Sweep (Apr 7, 2026)",Entity support for structured plan/progress events from OpenClaw runs,d9a1272c50c8bd95485c471e836b89696bf3a9c327dc43258b32f5d4586fb8b6,link_existing_linear,none,,,,,workplanes-activity,THE-869..THE-872,inherit,,Already represented in the approved Linear/source-packet graph
116,open,Backlog (Phase 3+),Module permissions + invite flow polish,d66310853e1bbcb3a32e3619df6e0c2745e392651edd1078b01b86fce9c11b5b,link_existing_linear,none,,,,,agent-invites,THE-876..THE-888,inherit,,Already represented in the approved Linear/source-packet graph
117,open,Backlog (Phase 3+),Agent identity + verification capability cards,c8b63e1321db804a3d477839afa17575602c761bbe8638fcee370686fc959422,link_existing_linear,none,,,,,agent-identity,THE-882..THE-888,inherit,,Already represented in the approved Linear/source-packet graph
118,open,Backlog (Phase 3+),"Execution-engine plugin contract (Entity as hub, runners as swappable arms)",99c56bce75e087d3f19521cc50b7aeeec3288488c745dce52bfe51efb662f687,link_existing_linear,none,,,,,execution-engine,THE-889..THE-899,inherit,,Already represented in the approved Linear/source-packet graph
119,open,Backlog (Phase 3+),Enterprise OAuth login + identity boundary,f66b8165e406d22214fa011f28e81ee0183a1588e4f769ab7ebc5185ba612cde,link_existing_linear,none,,,,,auth,THE-912..THE-916,inherit,,Already represented in the approved Linear/source-packet graph
120,open,Backlog (Phase 3+),Strategic tab: dependency-aware roadmap ordering,c63cf703b5d4686fdf123d9e477af5c0c35629f9e5835b23aa98536ec27044d2,link_existing_linear,none,,,,,strategic,THE-922..THE-925,inherit,,Already represented in the approved Linear/source-packet graph
121,open,Backlog (Phase 3+),UI verification evidence capture,60967abf7a25458723429d76466e9c31a6db3f7971cfa78bfd48dffbd6dac75f,link_existing_linear,none,,,,,proof-policy,THE-928 and per-UI-ticket proof gates,inherit,,Already represented in the approved Linear/source-packet graph
122,open,Backlog (Phase 3+),"Swarm operator presets (/loop, /schedule, worktree fan-out)",cc6106af4099d7064b2afa3a3b4d0a3c6d9b9796abb781bcbad0b939b9882b06,link_existing_linear,none,,,,,execution-presets,THE-898,inherit,,Already represented in the approved Linear/source-packet graph
123,open,Backlog (Phase 3+),Embedded browser pane (CUA integration),7e11a3f210b8f2d816ab97c8154deb62ba6632fc2f20cfac76699fe0896b3463,defer_by_roadmap,none,,,,,future-discovery,,none,Q60,Embedded browser pane waits until Workplanes prove the panel model
124,open,Backlog (Phase 3+),Telegram panel inside Entity,59f726c183bdbe50ec5a003590572439b1684faa02cade4aed266822e9a75385,defer_by_roadmap,none,,,,,future-discovery,,none,Q48,Channel panels wait for stable Workplanes and ActivityEvents
125,open,Backlog (Phase 3+),Terminal pane (xterm.js),6487f7236b11b933af80e61fc1e25c70ab19367a9fad3de022a31b672fdae88c,defer_by_roadmap,none,,,,,future-discovery,,none,Q60,Terminal pane waits until Workplanes prove the panel model
126,open,Backlog (Phase 3+),Spatial workspace (AI City vision),77756306708930f5995bf4e3d7756eedc2eb49765acb9a9236c920ce1d809599,defer_by_roadmap,none,,,,,future-discovery,,none,Q50,Spatial workspace remains a product bet
127,open,Backlog (Phase 3+),Agent monitor dashboard,9c795caa2a090fef2411ff75c0690bd3fb376b92825de164f6fbe143c3f800cf,defer_by_roadmap,none,,,,,future-discovery,,none,Q58,Performance dashboard waits for ActivityEvents and presence
128,open,Backlog (Phase 3+),Self-evolving skill engine,9e5c96be80fd5d72d7aaac1a18f039418910b3390de4b0b66e1a43e4bbb71113,route_external_runtime_owner,none,,,,,helm-or-runtime,,inherit,,Deep runtime/provider/config ownership is outside Entity core
129,open,Backlog (Phase 3+),WeChat integration,691e4409487004ee9bb377764f8d7e8e421c730fe7a8b2f23027f0167c5944d7,defer_by_roadmap,none,,,,,future-discovery,,none,Q48,Channel adapters wait for stable Workplanes and ActivityEvents
130,open,Backlog (Phase 3+),ClawHub marketplace integration,2068d866cec6ad79f3fc2e09636a996dc2f0d179b937255cfc3d69f02feb529b,defer_by_roadmap,none,,,,,future-discovery,,none,locked roadmap,Marketplace work is not in the current Entity core queue
131,open,Backlog (Phase 3+),/btw side conversation support,779af8ffbc1654968ebf31399162c25399ff49b8ab7651df63580c25aa06884f,exclude_external_or_noncoding,none,,,,,,,none,,"Separate product/repository, operator note, or documentation-only work"
132,open,Backlog (Phase 3+),NemoClaw/OpenShell sandbox mode,476a0a4ff4639fc72fed844a9d771456b06c4495eb364b51965e900f5a1ed63e,defer_by_roadmap,none,,,,,future-discovery,,none,Q47,Security/sandbox is cross-cutting after Workplanes/engine contract
133,open,Backlog (Phase 3+),Advanced multi-model sub-agent routing,8f22fc1ebcda4668a10b33e6d0e7d2ecd1d9c918d4d34d46fc5a9e29e351db27,merge_duplicate,none,78,,,,,,none,,Duplicate/status variant of source line 78
134,open,Backlog (Phase 3+),DefenseClaw integration,abcff6d7739d511d0c3ce8b557972b265ab16eea782c9170dc92c4c46da18838,route_external_runtime_owner,none,,,,,helm-or-runtime,,inherit,,Deep runtime/provider/config ownership is outside Entity core
135,open,Backlog (Phase 3+),Security Sandbox Integration,84fef6beb79dbf50ecc1d717657ebda9d0050a5e0bf44490392e1571c0d15873,merge_duplicate,none,77,,,,,,none,,Duplicate/status variant of source line 77
136,open,Backlog (Phase 3+),Agent Performance Monitor Dashboard,0fd0848289d1771241554098e13511f8c7cce7aeaef67488e8a9d242d99d5318,merge_duplicate,none,79,,,,,,none,,Duplicate/status variant of source line 79
137,open,Backlog (Phase 3+),DigitalOcean 1-Click Deploy,22c677e55f25e83bc93e1df980bdbc397d96c5de25205270635f4e94acf7c9d8,merge_duplicate,none,80,,,,,,none,,Duplicate/status variant of source line 80
140,completed,Completed (Feb 17 Sprint) ✅,Binary file preview (images + text preview in DocHub),c4b4eab7949ce8e6da07f539bac8bc1af70745274d75f6afe96d55c365c9f2ac,exclude_completed,none,,,,,,,none,,Source checkbox is completed
141,completed,Completed (Feb 17 Sprint) ✅,Feature flags default to true,18d8ea800b575e09b1ab7404d9875bf7a4e0885671bfbab718521f15032f183b,exclude_completed,none,,,,,,,none,,Source checkbox is completed
142,completed,Completed (Feb 17 Sprint) ✅,UI polish,db9efd94d5c27753128315b55ab6c3e73f021e0c3e0db8c1aa2bd14a95975a4f,exclude_completed,none,,,,,,,none,,Source checkbox is completed
143,completed,Completed (Feb 17 Sprint) ✅,ANE comments working,6170cc4256ae6751ef849871f152cf78d8207a0430aedac5cae66950abf4793d,exclude_completed,none,,,,,,,none,,Source checkbox is completed
144,completed,Completed (Feb 17 Sprint) ✅,Task Master admin page,00a7e9ed97d429eb15c346edb9d04280c982a95ce7818cb2a40c7243c41ebc88,exclude_completed,none,,,,,,,none,,Source checkbox is completed
145,completed,Completed (Feb 17 Sprint) ✅,Source file save fixed,415baddbdd458cac70db56756d2930c48b50398b4b783fdda0da85bdb59b7785,exclude_completed,none,,,,,,,none,,Source checkbox is completed
146,completed,Completed (Feb 17 Sprint) ✅,FileIndexRunner wired up,0f4351353fa85b113db16f6e580d0d5b84f8644d4939d823e960a1b29d52a663,exclude_completed,none,,,,,,,none,,Source checkbox is completed
147,completed,Completed (Feb 17 Sprint) ✅,Obsidian vault cleanup,409e12a4e0ea307d85414824cce1b71f21c17a7cd3bd393f874ed1174abe307c,exclude_completed,none,,,,,,,none,,Source checkbox is completed
148,completed,Completed (Feb 17 Sprint) ✅,Fireflies mine:true fix,f3a0629eb751d1fe0a1eeddc91139d07cc00ac2ed66e5a5036436de9d39465af,exclude_completed,none,,,,,,,none,,Source checkbox is completed
149,completed,Completed (Feb 17 Sprint) ✅,Fireflies full export,1126ed9e4094fe38c607ca42949d106205b099796ceb8a4048a15f1e7bd8b7d9,exclude_completed,none,,,,,,,none,,Source checkbox is completed
150,completed,Completed (Feb 17 Sprint) ✅,Calls rsync cron,1e65b1e7b34e1704835dd1959c67deb3450b65cb3c8a2f508437b933db047ad6,exclude_completed,none,,,,,,,none,,Source checkbox is completed
151,completed,Completed (Feb 17 Sprint) ✅,Entity context files rewrite,654e12b261114bbf54e3da507033a055d4f2ba6f6678314ad55c97ea1be1394e,exclude_completed,none,,,,,,,none,,Source checkbox is completed
152,completed,Completed (Feb 17 Sprint) ✅,Activity stream agent names,6bc80cd40f23ba8c4268670db167803af8718cef95a1a044316975f68cafdcd4,exclude_completed,none,,,,,,,none,,Source checkbox is completed
153,completed,Completed (Feb 17 Sprint) ✅,Activity stream grouping,5d1c9bca081f6ab237df3d5251deb7515375ea9b4a50a2bbb7e06b58bcc69f80,exclude_completed,none,,,,,,,none,,Source checkbox is completed
154,completed,Completed (Feb 17 Sprint) ✅,Deleted .context/,4da4d9141c7ccdb427a4c58af04f71cda7e22d1d73edc44dd6e0986ae4bf0f84,exclude_completed,none,,,,,,,none,,Source checkbox is completed
155,completed,Completed (Feb 17 Sprint) ✅,ANE-020: AI Review Integration ✅,b92f98db1978762b899b116c48f874371d5bceb96e184723f9ebb27921e60be5,exclude_completed,none,,,,,,,none,,Source checkbox is completed
156,completed,Completed (Feb 17 Sprint) ✅,Search endpoints (collections + document search) ✅,1e0b863a707dc3b885e81661ab1a7c6a01af2adc563b2ee8acfe5c23f06e1438,exclude_completed,none,,,,,,,none,,Source checkbox is completed
157,completed,Completed (Feb 17 Sprint) ✅,All ANE features (ANE-013 through ANE-019) ✅,d171d7149405b508315f267e257bfc3357173d22cc4ffad6d2b0aaadbb7f265e,exclude_completed,none,,,,,,,none,,Source checkbox is completed
158,completed,Completed (Feb 17 Sprint) ✅,MC Integration (10/10 stories) ✅,e7ac6abd2f8f5d00242013eca2f25687239caa43035a46c3e65e7965894eb734,exclude_completed,none,,,,,,,none,,Source checkbox is completed
159,completed,Completed (Feb 17 Sprint) ✅,Phase 2 stories 1-3 ✅,f97f03bfb393ac96038a1d650c0dabcafb18178169122587edf6af74875761b0,exclude_completed,none,,,,,,,none,,Source checkbox is completed
160,completed,Completed (Feb 17 Sprint) ✅,File System multi-source (26/26) ✅,724f46c3306ef6f601dc81077b76384079f46834006c976e3eb9324ab84ac46c,exclude_completed,none,,,,,,,none,,Source checkbox is completed
161,completed,Completed (Feb 17 Sprint) ✅,"Auth/Login, Admin panel, MC sub-views ✅",5d6399d227d89527be15341d41c74286897bd347d8424445e6ed9c879cd019b5,exclude_completed,none,,,,,,,none,,Source checkbox is completed
162,completed,Completed (Feb 17 Sprint) ✅,"Entity deployed on Enterprise (port 3000, replaced MC) ✅",6412262140b19fb8023a07b1ff215038bbc92104abadc0a541911f5889436101,exclude_completed,none,,,,,,,none,,Source checkbox is completed
165,open,New — Apr 9 Roadmap Discovery,Zora Google Places integration,7b971079f315b964f8380d52664c3254d084950cd6670ceb164ccf00ad36e332,exclude_external_or_noncoding,none,,,,,,,none,,"Separate product/repository, operator note, or documentation-only work"
166,open,New — Apr 9 Roadmap Discovery,Slack cross-context posting via subagent,864b1062884e13091e76c9fc54d568614de0bf6dde52e6690b50bf6717004318,exclude_manual_or_destructive,none,,,,,,,high,,"Requires manual credentials, production data, or destructive operator action"
169,open,New — Apr 11 Roadmap Discovery,OpenClaw 2026.4 infer hub,78989101a04fdbf95806f69e185ce61e2f3dae041690decba7f562bf68af6c72,link_existing_linear,none,,,,,provider-registry,THE-724+ Provider Registry graph,inherit,,Already represented in the approved Linear/source-packet graph
170,open,New — Apr 11 Roadmap Discovery,OpenClaw GHSA security skill (openclaw-ghsa-maintainer),6ee7e693d9c29fdf44d08bbb6a091d595e535fcc587906f350dfd5ef8f5fc9e5,route_external_runtime_owner,none,,,,,helm-or-runtime,,inherit,,Deep runtime/provider/config ownership is outside Entity core
171,open,New — Apr 11 Roadmap Discovery,Disable specific skill source directories,a535ac2b80b4ee7c504446dc11ad6aff12efda63657a69da68097218b2cd8a02,route_external_runtime_owner,none,,,,,helm-or-runtime,,inherit,,Deep runtime/provider/config ownership is outside Entity core
172,open,New — Apr 11 Roadmap Discovery,Suppress transient channel connection status events,c930d7692cb08e88ac3b78f51533e4e3b1518d5aac73d6b39eba58374c074f24,route_external_runtime_owner,none,,,,,helm-or-runtime,,inherit,,Deep runtime/provider/config ownership is outside Entity core
173,open,New — Apr 11 Roadmap Discovery,Dreaming recall store bug (memory/ subdirectory),85a9eff0773db8fa94ed565549a22eff9cd8c075641f568a0e00274e1d31cf32,route_external_runtime_owner,none,,,,,helm-or-runtime,,inherit,,Deep runtime/provider/config ownership is outside Entity core
174,open,New — Apr 11 Roadmap Discovery,Slack upload-file mediaLocalRoots bug,ce5106355603af8f950a246c5df0c1e5c91a0d36f0503b88ed177199fcfe605d,route_external_runtime_owner,none,,,,,helm-or-runtime,,inherit,,Deep runtime/provider/config ownership is outside Entity core
177,open,New — Apr 12 Roadmap Discovery,OpenClaw Dreaming adoption,98bb17e2e316f63cc1679ff9762c09f918bd57bc20e4770de4279705bf13c927,route_external_runtime_owner,none,,,,,helm-or-runtime,,inherit,,Deep runtime/provider/config ownership is outside Entity core
178,open,New — Apr 12 Roadmap Discovery,OpenClaw planTool config toggle,e3112930b1aab328f664cf267da2b933d353c2d1ca2b6a3057e9c055c9079923,route_external_runtime_owner,none,,,,,helm-or-runtime,,inherit,,Deep runtime/provider/config ownership is outside Entity core
179,open,New — Apr 12 Roadmap Discovery,Entity inference provider operator surface,688f43094c7ae544feb59bcf046ed680b936aac1d7e3fe23cce5bbbc0255a621,link_existing_linear,none,,,,,provider-registry,THE-724+ Provider Registry graph,inherit,,Already represented in the approved Linear/source-packet graph
182,open,Discovered (2026-04-10),eforge as Swarm build provider,3855aa64d851ee6dfd38c179fb20261d0a2d6c9b653a64c6c3aaaf5b9b973e2d,link_existing_linear,none,,,,,execution-engine,THE-894,inherit,,Already represented in the approved Linear/source-packet graph
185,completed,New — Apr 14 Roadmap Discovery,Momentum loop escalation guard,fa232fb9202433e47132b5dcdb0c4b9ae483947a3e7f71cd0fc452dfbaff7b43,exclude_completed,none,,,,,,,none,,Source checkbox is completed
186,open,New — Apr 14 Roadmap Discovery,Hermes Agent MiniMax partnership — competitive signal,01b52d3b9d23b3f138ad2252b93b32e2cb62e3e96c80beed27f81fa7b57ae5e9,exclude_external_or_noncoding,none,,,,,,,none,,"Separate product/repository, operator note, or documentation-only work"
187,open,New — Apr 14 Roadmap Discovery,Zeroclaw — minimal Rust agent infra competitor,7072017f3ec484ece98ffb0dd2a025fe507b9c09ff00d59fba8a5eb10b1a08b4,exclude_external_or_noncoding,none,,,,,,,none,,"Separate product/repository, operator note, or documentation-only work"
188,open,New — Apr 14 Roadmap Discovery,OpenClaw+Hermes MCP synergy blog post,623ce227bc132fc838e3261de96ee644fe18f1837fc570f084a4c4df5436cd3e,exclude_external_or_noncoding,none,,,,,,,none,,"Separate product/repository, operator note, or documentation-only work"
191,open,New — Apr 13 Roadmap Discovery,ShowClaw build discovery engine,cc4a6a27c916972adf6ad51f57433641db834b014fcbb3ea11929287284c74f6,defer_by_roadmap,none,,,,,future-discovery,,none,Q50,ShowClaw remains discovery
192,open,New — Apr 13 Roadmap Discovery,ProofDesk verified-work loop,afb50f6086060b7c2033bd792ae7067e2516715fb45ff914647524e8e65b4b21,defer_by_roadmap,none,,,,,future-discovery,,none,Q50,ProofDesk remains discovery
193,open,New — Apr 13 Roadmap Discovery,Content queue: Ghost Bugs post still queued,00ecdf8666506fb3964b3cd51d4a76549b29767f2a7d37a67acd7d51d253ac75,exclude_external_or_noncoding,none,,,,,,,none,,"Separate product/repository, operator note, or documentation-only work"
196,open,Discovered 2026-04-15 (Roadmap Discovery Cron),Toast Notifications,7e934ecb87e910fab2eca1c9916d72067e4dd6bc8e2a85c93e2259e8361d3cd3,exclude_stale_or_status,none,,,,,,,none,,Source notes show completed/superseded status or a non-actionable status card
197,open,Discovered 2026-04-15 (Roadmap Discovery Cron),ShowClaw featured-build integration,51ac95595d781fa3d0a6f3fe4777f9d21b4f43e02b3f370779fd024f52a57f73,defer_by_roadmap,none,,,,,future-discovery,,none,Q50,ShowClaw remains discovery
198,open,Discovered 2026-04-15 (Roadmap Discovery Cron),gog OAuth re-auth for <redacted-account>,0f0aefaed2e1e4696aed6cfd1cc9bbf809e7bcdf69e0534824b0e3f357f9f5ab,merge_duplicate,none,25,,,,,,none,,Duplicate/status variant of source line 25
201,open,Discovered 2026-04-16 (Roadmap Discovery Cron),exo cluster provider,1389ec8049685341a8caa31ec929df5183c9387f2d45e53d859f425161b82892,link_existing_linear,none,,,,,provider-registry,THE-724+ Provider Registry graph,inherit,,Already represented in the approved Linear/source-packet graph
202,open,Discovered 2026-04-16 (Roadmap Discovery Cron),NVIDIA build.nvidia.com provider,ee8cb118d885aef86e619df144e3582307286abb2b50d6cbbb916d0f327d2369,link_existing_linear,none,,,,,provider-registry,THE-724+ Provider Registry graph,inherit,,Already represented in the approved Linear/source-packet graph
203,open,Discovered 2026-04-16 (Roadmap Discovery Cron),LCM archival/pruning,84e1e564d16ba1c6f3ad5a8dd054b56b360563092afb433f58e25984504e86ba,exclude_manual_or_destructive,none,,,,,,,high,,"Requires manual credentials, production data, or destructive operator action"
204,open,Discovered 2026-04-16 (Roadmap Discovery Cron),Session archive pipeline fix,ff898122937f070687da3e0e18454885863c3c39ad9846a58d41a18afc5af262,route_external_runtime_owner,none,,,,,helm-or-runtime,,inherit,,Deep runtime/provider/config ownership is outside Entity core
205,open,Discovered 2026-04-16 (Roadmap Discovery Cron),Namecheap tooling doc gap,2397eaa70f516adf32fc4375f23b3ad342515a24edcf178f8bfdd571a36e4325,exclude_external_or_noncoding,none,,,,,,,none,,"Separate product/repository, operator note, or documentation-only work"
206,open,Discovered 2026-04-16 (Roadmap Discovery Cron),ECA plugin MVP,e3854d964d1bf2eb7bdeb0311c15b1a92eec87741bc6cbcf0c7ee1dd03f903c1,exclude_stale_or_status,none,,,,,,,none,,Source notes show completed/superseded status or a non-actionable status card
209,open,Discovered 2026-04-17 (Roadmap Discovery Cron),Enterprise data loss recovery,6d9f70f22f59091d74f4009d399b978bbe59c1948bd3ff16bb91406280dc2991,exclude_external_or_noncoding,none,,,,,,,none,,"Separate product/repository, operator note, or documentation-only work"
210,open,Discovered 2026-04-17 (Roadmap Discovery Cron),Rebuild permanently lost services,bde0ac95e64295567fa6739d56ebf94e03bfa5b7c54c85f7335ea6a49fdb1488,exclude_external_or_noncoding,none,,,,,,,none,,"Separate product/repository, operator note, or documentation-only work"
211,open,Discovered 2026-04-17 (Roadmap Discovery Cron),Telegram Background Alert loop,b98fbb7e24cea78c4fe497e1966154b8eff006862c95fff3e045eef2f96413b2,route_external_runtime_owner,none,,,,,helm-or-runtime,,inherit,,Deep runtime/provider/config ownership is outside Entity core
214,open,Discovered 2026-04-18 (Roadmap Discovery Sweep),Dreaming heartbeat burn-rate guardrails,d069fcf12e34afc33904445451c1ac33023f178e409143ff5244cffb13c9a0b4,route_external_runtime_owner,none,,,,,helm-or-runtime,,inherit,,Deep runtime/provider/config ownership is outside Entity core
215,open,Discovered 2026-04-18 (Roadmap Discovery Sweep),MCP retry-storm circuit breaker + host guardrails,c9acb416383a8d1a715e2e3fff9f24b90515c71a74015bb83adf72af8ef109c1,route_external_runtime_owner,none,,,,,helm-or-runtime,,inherit,,Deep runtime/provider/config ownership is outside Entity core
216,open,Discovered 2026-04-18 (Roadmap Discovery Sweep),Model-aware vision fallback hardening,16b7ee5ff67babcd22fc7554f608bf8f9f70624c516f59afa4b7883018e39720,route_external_runtime_owner,none,,,,,helm-or-runtime,,inherit,,Deep runtime/provider/config ownership is outside Entity core
217,open,Discovered 2026-04-18 (Roadmap Discovery Sweep),Hermes ACP harness bridge,12b93c608f6b9e60c9a22ab0db1b3327756844fc2c53ccfd8b510ad64c31a30e,route_external_runtime_owner,none,,,,,helm-or-runtime,,inherit,,Deep runtime/provider/config ownership is outside Entity core
218,open,Discovered 2026-04-18 (Roadmap Discovery Sweep),Agent email channel via Cloudflare Email Service,37a80af1ec6e16fcb864b847c7bf0aa6845d82d01eb2be329f3be861ee16bf41,defer_by_roadmap,none,,,,,future-discovery,,none,Q48,Channel adapters wait for stable Workplanes and ActivityEvents
219,open,Discovered 2026-04-18 (Roadmap Discovery Sweep),Soteria live-ticket dashboard wedge,5da9631b6c0103e6be19eec17ed38fb09496d31f9d9b220da1e2ce77730ffaac,defer_by_roadmap,none,,,,,future-discovery,,none,Q50,Customer wedge remains discovery
222,open,Discovered 2026-04-19 (Roadmap Discovery Cron),Entity DB backup cron,109b9a47a700029fb054d8f6572704cd3f418635f1a5085e7d8a793d52e3c03a,exclude_stale_or_status,none,,,,,,,none,,Source notes show completed/superseded status or a non-actionable status card
223,open,Discovered 2026-04-19 (Roadmap Discovery Cron),Entity backup 122h stale warning,7d35b48b6d88ed7fbc6329cd4dbc6913010bf258bbdaf8afe65738fe3f1a829c,merge_duplicate,none,222,,,,,,none,,Duplicate/status variant of source line 222
226,open,Discovered 2026-04-20 (Roadmap Discovery Cron),Enterprise Benchboard,6b1f1e5d9e1470782eb81947a3235d3b81273ab1a46e07f33a435461bbcf4b84,defer_by_roadmap,none,,,,,future-discovery,,none,Q50,BenchBoard is a separate product surface
227,open,Discovered 2026-04-20 (Roadmap Discovery Cron),MiniMax M2.7 Local in model picker,df1f11a5e69fa702d3dff127be42fed60c468727394ab698ddab0685841ae453,link_existing_linear,none,,,,,provider-registry,THE-724+ Provider Registry graph,inherit,,Already represented in the approved Linear/source-packet graph
228,open,Discovered 2026-04-20 (Roadmap Discovery Cron),JANGTQ2 model setup,cd86241b2de305bf3321e15c7328cc1d0733b66da4ce34f2542432d87de54c56,route_external_runtime_owner,none,,,,,helm-or-runtime,,inherit,,Deep runtime/provider/config ownership is outside Entity core
229,open,Discovered 2026-04-20 (Roadmap Discovery Cron),local-model-runner skill created,e01f8f9f1680d13f5bc40a02c36a24ea184e0f95d89c28ebaa23f5c1507a81d3,exclude_stale_or_status,none,,,,,,,none,,Source notes show completed/superseded status or a non-actionable status card
230,open,Discovered 2026-04-20 (Roadmap Discovery Cron),qmd CPU fallback patch,51e5d58cd052b5f4c66ee68b60519bd1474c381218d9ce3571a29d53df1172e8,route_external_runtime_owner,none,,,,,helm-or-runtime,,inherit,,Deep runtime/provider/config ownership is outside Entity core
231,open,Discovered 2026-04-20 (Roadmap Discovery Cron),Telegram elevated exec,97e9aede60b4d4f305f127c9b08dc6d8785b091afe17daa47a65aedaf58b6518,exclude_manual_or_destructive,none,,,,,,,high,,"Requires manual credentials, production data, or destructive operator action"
232,completed,Discovered 2026-04-20 (Roadmap Discovery Cron),Entity output-link fix,4624960a6982135e8112b62dc6a06be3a44b8c61add0418ea42b7d7e2924ce99,exclude_completed,none,,,,,,,none,,Source checkbox is completed
233,completed,Discovered 2026-04-20 (Roadmap Discovery Cron),Entity release-check fix,2221af943945ceca0248d4e50bb68d84ebcfabdaa72bdb1546498380d5950d1d,exclude_completed,none,,,,,,,none,,Source checkbox is completed
236,completed,Discovered 2026-04-21 (Roadmap Discovery Cron),Bonsai 1.7B benchmarked,cd06f1113822350c0ad196d675053972e64121676a05374bcfa4062b08064070,exclude_completed,none,,,,,,,none,,Source checkbox is completed
237,completed,Discovered 2026-04-21 (Roadmap Discovery Cron),MiniMax JANGTQ benchmarked,9fdf80daf1c45fa87935b5a129e7cd83a634efb540e526b07b99a9116f38c48f,exclude_completed,none,,,,,,,none,,Source checkbox is completed
238,open,Discovered 2026-04-21 (Roadmap Discovery Cron),mlx-auto server,e86f38a976f03bde9ef3039ae8cc4b73076f88e76b404e96712986745aeb674c,route_external_runtime_owner,none,,,,,helm-or-runtime,,inherit,,Deep runtime/provider/config ownership is outside Entity core
239,open,Discovered 2026-04-21 (Roadmap Discovery Cron),Enterprise SSH unresponsive,a06f0ab79c8b2421d919247d2bedb575b9713d35df8edc747ca1035c759ebc2e,route_external_runtime_owner,none,,,,,helm-or-runtime,,inherit,,Deep runtime/provider/config ownership is outside Entity core
240,open,Discovered 2026-04-21 (Roadmap Discovery Cron),Story 4 (Auto-Follow Agent Files),ee64c68c3cb3736b8b4b12fc7c0461738c71859c1cf346046beb7e2ed089cdee,merge_duplicate,none,34,,,,,,none,,Duplicate/status variant of source line 34
241,open,Discovered 2026-04-21 (Roadmap Discovery Cron),enterprise-installs.md needs update,52211eac9e3c3e60063c42db77993880c1a932a02b1c156e177b8e2918ec9c94,exclude_external_or_noncoding,none,,,,,,,none,,"Separate product/repository, operator note, or documentation-only work"
244,open,Discovered 2026-04-22 (Roadmap Discovery Cron),Entity backup cron failing,1f938678b7acc859cdb60eab9510b2df9a77a9e98d58381e2a518e16dbf9d087,merge_duplicate,none,222,,,,,,none,,Duplicate/status variant of source line 222
245,open,Discovered 2026-04-22 (Roadmap Discovery Cron),Ada disk cleanup,6ee754466d0853327577f9568cc38a346c87634be511e3a21b041bf9fd780706,exclude_manual_or_destructive,none,,,,,,,high,,"Requires manual credentials, production data, or destructive operator action"
246,open,Discovered 2026-04-22 (Roadmap Discovery Cron),Story 4 still blocked,3a010eea4e603c7aab804e2aee305aec34dadca3f50c9a1a4615dd43d4821215,merge_duplicate,none,34,,,,,,none,,Duplicate/status variant of source line 34
247,open,Discovered 2026-04-22 (Roadmap Discovery Cron),Mac file sharing,d81dd7dc6415acdaa6da7b810bc9a3b93d30edfc74823d7360aa28aef4c283d0,exclude_manual_or_destructive,none,,,,,,,high,,"Requires manual credentials, production data, or destructive operator action"
250,completed,Discovered 2026-04-23 (Roadmap Discovery Cron),Discord auto-threading channel,c0b54c70fea7978854d2afa582ab47dfb0e7257bcdc69f47e8f26e214d0f8514,exclude_completed,none,,,,,,,none,,Source checkbox is completed
251,open,Discovered 2026-04-23 (Roadmap Discovery Cron),Scotty Pi workspace cleanup done,516ced1c7af6e05a72c53efaf6be2596945d1a6ba92c5204af6f4d9885d1e5d7,exclude_stale_or_status,none,,,,,,,none,,Source notes show completed/superseded status or a non-actionable status card
252,open,Discovered 2026-04-23 (Roadmap Discovery Cron),Zora MascotM3 fix needed,38879411b07bb78c16e205c4bc70a6189da568e556b7319e80ce7c065bed0c35,route_external_runtime_owner,none,,,,,helm-or-runtime,,inherit,,Deep runtime/provider/config ownership is outside Entity core
255,open,Discovered 2026-04-25 (Roadmap Discovery Cron),Discord plugin broken,3d3fd97dae33f1c65e13c91f89e45fdb05aca3fd7c7a084c31cbe464491e5a1d,route_external_runtime_owner,none,,,,,helm-or-runtime,,inherit,,Deep runtime/provider/config ownership is outside Entity core
256,completed,Discovered 2026-04-25 (Roadmap Discovery Cron),Entity backup cron fix,f7cba561cc94c97c237f3ffd9fd52acc51690fcb63c5bdf3d9b5975531f1cd2c,exclude_completed,none,,,,,,,none,,Source checkbox is completed
257,open,Discovered 2026-04-25 (Roadmap Discovery Cron),Total Recall local fallback,47c1b81e4fabce36b6e6487faef870d905aec7c1e488b53fe5a8c8c545df0bb5,route_external_runtime_owner,none,,,,,helm-or-runtime,,inherit,,Deep runtime/provider/config ownership is outside Entity core
258,open,Discovered 2026-04-25 (Roadmap Discovery Cron),Story 4 one-shot runbook,39d38a679ddbf6edccd5c074053283ecbd2cb381f21ee1c3ee13a2b8976ebc0f,merge_duplicate,none,34,,,,,,none,,Duplicate/status variant of source line 34
261,open,Discovered 2026-04-26 (Roadmap Discovery Cron),BenchBoard Enterprise context pack,b2ba204c3fb75da90530e770dba83dbb44dc277b669e68138602f015c3279a06,exclude_external_or_noncoding,none,,,,,,,none,,"Separate product/repository, operator note, or documentation-only work"
262,open,Discovered 2026-04-26 (Roadmap Discovery Cron),Midas repo on Spock,9b771a4ba63b241168809c38bd13fc79ce3750c93319676a65bf1f8542ff7795,exclude_external_or_noncoding,none,,,,,,,none,,"Separate product/repository, operator note, or documentation-only work"
263,open,Discovered 2026-04-26 (Roadmap Discovery Cron),Entity MC regression diagnosed,242e593703225e5ecd16783bfabd26bf4a1472b9af656bbad5706b9d278d16a5,exclude_stale_or_status,none,,,,,,,none,,Source notes show completed/superseded status or a non-actionable status card
264,open,Discovered 2026-04-26 (Roadmap Discovery Cron),Ada worker jam cleared,2e452f0b0bf96c4895b9c32a81fb6801f751b5e33162e370a3b9b87c2b453e94,exclude_stale_or_status,none,,,,,,,none,,Source notes show completed/superseded status or a non-actionable status card
265,open,Discovered 2026-04-26 (Roadmap Discovery Cron),Telegram group fix,cf07db956b9e489a510314c87f12c4977084749123e3bfe1ad9cddf500a4fd00,exclude_stale_or_status,none,,,,,,,none,,Source notes show completed/superseded status or a non-actionable status card
266,open,Discovered 2026-04-26 (Roadmap Discovery Cron),Discord plugin repair in progress,9b855ab47cc42de590e3650ce898be9530818e672fa68f1e47c5decd3dc3cffa,merge_duplicate,none,255,,,,,,none,,Duplicate/status variant of source line 255
267,open,Discovered 2026-04-26 (Roadmap Discovery Cron),Discord auto-threading verification,b536ce99203eda29927655a88673411892ab252da73e50062f1359f1e32b72fd,exclude_stale_or_status,none,,,,,,,none,,Source notes show completed/superseded status or a non-actionable status card
268,open,Discovered 2026-04-26 (Roadmap Discovery Cron),User-model promoted to hot context,047c72a0ac3c8b9556d5dcc67d091f73371a002677f0c92943c9ce3ee6a59244,exclude_external_or_noncoding,none,,,,,,,none,,"Separate product/repository, operator note, or documentation-only work"
271,completed,Discovered 2026-04-27 (Roadmap Discovery Cron),Entity MC v23 rolled out,c1c86d96fbcef93448d90a381388fa5d1dfc1a402de8a0c2a5d1bc87aa28e1d7,exclude_completed,none,,,,,,,none,,Source checkbox is completed
272,open,Discovered 2026-04-27 (Roadmap Discovery Cron),Hotfix backport required,59ec491bb44137d519e402c635ee9d9efb673b4f86741b809b9e44a2684c3631,route_external_runtime_owner,none,,,,,helm-or-runtime,,inherit,,Deep runtime/provider/config ownership is outside Entity core
273,open,Discovered 2026-04-27 (Roadmap Discovery Cron),Morning-intelligence cron failing,c0c05fd833c9eadaa7dab237c942c07fb6a85767f015cf6a1067cfbe4e324463,route_external_runtime_owner,none,,,,,helm-or-runtime,,inherit,,Deep runtime/provider/config ownership is outside Entity core
274,open,Discovered 2026-04-27 (Roadmap Discovery Cron),CONFIG PATCH RULE violation,5ae6828e7cd6b74c4580b04ab026331105e1ef1282010043cb77156bd5adba4c,exclude_stale_or_status,none,,,,,,,none,,Source notes show completed/superseded status or a non-actionable status card
275,open,Discovered 2026-04-27 (Roadmap Discovery Cron),Caveman hooks registered,26a7afe14e08d43dba5bbf59ca7b9b5c474ba116f3fd75301e76bacc0e5bd21f,exclude_stale_or_status,none,,,,,,,none,,Source notes show completed/superseded status or a non-actionable status card
276,open,Discovered 2026-04-27 (Roadmap Discovery Cron),Enterprise lost services rebuild,50f0b87e2da82b40c42ce19fb820f0f06d1bdd1f68836bda21cf41feae7c20f2,merge_duplicate,none,210,,,,,,none,,Duplicate/status variant of source line 210
277,open,Discovered 2026-04-27 (Roadmap Discovery Cron),Discord plugin repair,57d83dc063c0c430da056683290ef373eeafe0dc9bdcf31871c7b2bdef926e14,merge_duplicate,none,255,,,,,,none,,Duplicate/status variant of source line 255
278,open,Discovered 2026-04-27 (Roadmap Discovery Cron),Railway → Spock migration cleanup,37a589168ff2bea2f40824ca33216b843fbb9106042d2f1ca772eb8bb8922df0,exclude_external_or_noncoding,none,,,,,,,none,,"Separate product/repository, operator note, or documentation-only work"
